{"cameraMode":{"drawMode":0,"name":"Shaded","section":"Shading Mode"},"sceneLighting":false,"audioPlay":false,"sceneViewState":{"m_AlwaysRefresh":false,"showFog":true,"showSkybox":false,"showFlares":true,"showImageEffects":true,"showParticleSystems":true,"showVisualEffectGraphs":true,"m_FxEnabled":true},"in2DMode":false,"pivot":{"x":-0.2671547532081604,"y":0.9917550683021545,"z":-1.9195877313613892},"rotation":{"x":0.3139227628707886,"y":0.11779949814081192,"z":-0.03929033875465393,"w":0.9413061141967773},"size":0.18602007627487184,"orthographic":false}