{"cameraMode":{"drawMode":0,"name":"Shaded","section":"Shading Mode"},"sceneLighting":false,"audioPlay":false,"sceneViewState":{"m_AlwaysRefresh":false,"showFog":true,"showSkybox":false,"showFlares":true,"showImageEffects":true,"showParticleSystems":true,"showVisualEffectGraphs":true,"m_FxEnabled":true},"in2DMode":false,"pivot":{"x":-7.189612865447998,"y":5.935427188873291,"z":-2.7622385025024416},"rotation":{"x":0.26477256417274477,"y":0.49723026156425478,"z":-0.16251713037490846,"w":0.8100939393043518},"size":0.06765034049749375,"orthographic":false}