{"cameraMode":{"drawMode":0,"name":"Shaded","section":"Shading Mode"},"sceneLighting":false,"audioPlay":false,"sceneViewState":{"m_AlwaysRefresh":false,"showFog":true,"showSkybox":false,"showFlares":true,"showImageEffects":true,"showParticleSystems":true,"showVisualEffectGraphs":true,"m_FxEnabled":true},"in2DMode":false,"pivot":{"x":-0.32220256328582766,"y":-0.07286736369132996,"z":-0.012228727340698243},"rotation":{"x":0.15412963926792146,"y":0.24759526550769807,"z":-0.03993089497089386,"w":0.9556951522827148},"size":2.8301944732666017,"orthographic":true}