{"cameraMode":{"drawMode":0,"name":"Shaded","section":"Shading Mode"},"sceneLighting":false,"audioPlay":false,"sceneViewState":{"m_AlwaysRefresh":false,"showFog":true,"showSkybox":false,"showFlares":true,"showImageEffects":true,"showParticleSystems":true,"showVisualEffectGraphs":true,"m_FxEnabled":true},"in2DMode":false,"pivot":{"x":0.4057379364967346,"y":-1.1506155729293824,"z":-0.02521563693881035},"rotation":{"x":-0.350100576877594,"y":0.14720924198627473,"z":-0.05581676587462425,"w":-0.9234009981155396},"size":2.8301949501037599,"orthographic":false}