{"cameraMode":{"drawMode":0,"name":"Shaded","section":"Shading Mode"},"sceneLighting":false,"audioPlay":false,"sceneViewState":{"m_AlwaysRefresh":false,"showFog":true,"showSkybox":false,"showFlares":true,"showImageEffects":true,"showParticleSystems":true,"showVisualEffectGraphs":true,"m_FxEnabled":true},"in2DMode":false,"pivot":{"x":-1.0759626626968384,"y":-0.0650610700249672,"z":-1.5872770547866822},"rotation":{"x":-0.0026481447275727989,"y":0.9969248175621033,"z":-0.06829432398080826,"w":-0.03860437124967575},"size":2.8143534660339357,"orthographic":false}