{"cameraMode":{"drawMode":0,"name":"Shaded","section":"Shading Mode"},"sceneLighting":false,"audioPlay":false,"sceneViewState":{"m_AlwaysRefresh":false,"showFog":true,"showSkybox":false,"showFlares":true,"showImageEffects":true,"showParticleSystems":true,"showVisualEffectGraphs":true,"m_FxEnabled":true},"in2DMode":false,"pivot":{"x":0.27199602127075198,"y":0.9644996523857117,"z":0.6403058767318726},"rotation":{"x":0.022611424326896669,"y":0.9586246609687805,"z":-0.27243906259536745,"w":0.07955238968133927},"size":4.727834701538086,"orthographic":true}