{"cameraMode":{"drawMode":0,"name":"Shaded","section":"Shading Mode"},"sceneLighting":false,"audioPlay":false,"sceneViewState":{"m_AlwaysRefresh":false,"showFog":true,"showSkybox":false,"showFlares":true,"showImageEffects":true,"showParticleSystems":true,"showVisualEffectGraphs":true,"m_FxEnabled":true},"in2DMode":false,"pivot":{"x":-0.1261112540960312,"y":-0.6883161664009094,"z":0.38893258571624758},"rotation":{"x":0.17659521102905274,"y":-0.4265194237232208,"z":0.08530472218990326,"w":0.8829626441001892},"size":2.2299628257751467,"orthographic":true}