{"cameraMode":{"drawMode":0,"name":"Shaded","section":"Shading Mode"},"sceneLighting":true,"audioPlay":false,"sceneViewState":{"m_AlwaysRefresh":false,"showFog":true,"showSkybox":true,"showFlares":true,"showImageEffects":true,"showParticleSystems":true,"showVisualEffectGraphs":true,"m_FxEnabled":true},"in2DMode":false,"pivot":{"x":-0.005691819824278355,"y":2.661363363265991,"z":-0.028859436511993409},"rotation":{"x":-0.18895454704761506,"y":-0.5744069814682007,"z":0.13837401568889619,"w":-0.7843600511550903},"size":2.7886810302734377,"orthographic":false}